name,road_address,address,longitude,latitude,phone,url,store_num,parking,toilet,image,avg_score,cluster_key
이태원제일시장,녹사평대로52길 19,용산구 이태원동 274-4,126.9882817,37.53903087,,,10,,,,0,용산구
이촌종합시장,이촌로75길 16-9,용산구 이촌동 301-154,126.9748284,37.52073598,794-1555,,104,,,,0,용산구
신흥시장,신흥로 95-9,용산구 용산동2가 1-480,126.9850489,37.54528904,754-7389,,38,,,,0,용산구
용문전통시장,효창원로40길 13,용산구 용문동 41-44,126.9598073,37.53662307,,,149,,,,0,용산구
후암시장,한강대로104길 77,용산구 후암동 103-25,126.9764186,37.5501948,754-5114,,50,,,,0,용산구
만리시장,효창원로 270,용산구 서계동 260-1,126.9635701,37.55120869,714-2559,,31,,,,0,용산구
보광시장,보광로 30,용산구 보광동 260-8,127.0002706,37.52719022,749-6464,,17,,,,0,용산구
이태원시장,이태원로14길 6,용산구 이태원동 56-9,126.9900202,37.53382312,794-5682,,84,,,,0,용산구
영등포시장기계공구상가,영중로14길 48,영등포구 영등포동2가 167-1,126.9104165,37.5192425,2635-8005,,369,,,,0,영등포구
영등포로타리지하도상점가,영등포구 영등포동3가 441,영등포구 영등포구 영등포동3가 441,126.9060338,37.51770086,2631-1248,,133,,,,0,영등포구
영등포역지하도상점가,경인로 846,영등포구 영등포동 618-496,126.9076181,37.51565581,3667-8681,,80,,,,0,영등포구
영등포시장지하도상점가,영등포구 영등포동5가 20,영등포구 영등포구 영등포동5가 20,126.9055671,37.52021946,2676-2235,,78,,,,0,영등포구
우리시장,도림로64길 20,영등포구 대림동 904-20,126.9053409,37.49629338,832-2605,,100,,,,0,영등포구
남서울상가,영등포구 영등포동5가 16,영등포구 영등포동5가 16,126.9069561,37.5203855,2634-7610,,56,,,,0,영등포구
로타리상가,영등포구 영등포동5가 20,영등포구 영등포동5가 20,126.9053619,37.52032568,2634-0591,,93,,,,0,영등포구
조광시장,영신로41길 2,영등포구 당산동1가 183-1,126.9010614,37.52196513,2675-3269,,250,,,,0,영등포구
제일상가,영등포구 영등포동5가 18,영등포구 영등포동5가 18,126.9065777,37.51995851,2634-0310,,51,,,,0,영등포구
영등포전통시장,영중로14길 27,영등포구 영등포동2가 335,126.9082846,37.51986609,2634-1308,,370,,,,0,영등포구
영진시장A동,신풍로 87,영등포구 신길동 2365,126.9159295,37.50037154,833-2078,,66,,,,0,영등포구
대림중앙시장,디지털로49길 13-1,영등포구 대림동 1075-47,126.8992645,37.49083776,,,83,,,,0,영등포구
영등포유통상가,영등포로 109,영등포구 당산동2가 30-2,126.8939141,37.52241557,2679-2376,,1287,,,,0,영등포구
영일시장,영등포구 문래동30길 27,영등포구 문래동3가 10,126.9006945,37.51615555,2633-9047,,326,,,,0,영등포구
신영사러가시장,가마산로69가길 17,영등포구 신길동 255-9,126.9102072,37.50645104,834-8900,,4,,,,0,영등포구
사러가시장,신길로 155,영등포구 신길동 254-1,126.9103182,37.50614233,834-8900,,73,,,,0,영등포구
대신시장,도신로60길 7,영등포구 신길동 116-15,126.9174112,37.5114635,842-0003,http://daeshin.story3.kr,86,,,,0,영등포구
영등포기계상가,영등포로 39,영등포구 양평동1가 247,126.8864243,37.52306508,2636-0090,,155,,,,0,영등포구
신동시장,가마산로69가길 12,영등포구 신길동 259-7,126.9096167,37.50624568,832-1752,,1,,,,0,영등포구
도림시장,도영로 50,영등포구 도림동 176-1,126.8986495,37.50992062,846-7747,,36,,,,0,영등포구
영신상가,영등포구 영등포동5가 18,영등포구 영등포동5가 18,126.9067817,37.51993336,2634-0602,,159,,,,0,영등포구
동남상가,영등포로37길 4,영등포구 영등포동5가 24,126.9056424,37.52059679,2635-4846,,63,,,,0,영등포구
삼구시장,영등포구 영등포동5가 19,영등포구 영등포동5가 19,126.9059876,37.5200882,2634-0536,,59,,,,0,영등포구
양남시장,선유동1로 5,영등포구 양평동1가 30,126.8911316,37.52286617,3667-4152,,16,,,,0,영등포구
우성상가,지양로 78,양천구 신월동 928-1,126.8335528,37.52265623,2693-1241,,19,,,,0,양천구
신정3동 골목시장,중앙로43길 26,양천구 신정동 1181-16,126.8526944,37.51847063,,,85,,,,0,양천구
신정2동 골목시장,신목로2길 35-2,양천구 신정동 127-19,126.8766308,37.52098847,,,62,,,,0,양천구
신정1동 골목시장,중앙로34길 28,양천구 신정동 1029-1,126.8538033,37.52062718,,,68,,,,0,양천구
신월7동 골목시장,양천구 자양로 82,양천구 신월동 921-10,126.8333429,37.52274479,,,22,,,,0,양천구
신월6동 골목시장,달맞이1길 7,양천구 신월동 574-15,126.8431418,37.51762302,,,98,,,,0,양천구
신월3동 골목시장,남부순환로40가길 13,양천구 신월동 181-1,126.8256041,37.53365102,,,50,,,,0,양천구
경창시장,오목로9길 31,양천구 신월동 447-8,126.8421077,37.52493364,2606-5988,,64,,,,0,양천구
신영시장,월정로 161-5,양천구 신월동 114-18,126.8360091,37.53301187,2604-3319,http://www.sysj.co.kr,136,,,,0,양천구
월정로시장,월정로29길 3,양천구 신월동 114-1,126.835673,37.53347022,,,121,,,,0,양천구
목4동시장,목동중앙남로7길 8,양천구 목동 726-18,126.8661899,37.53762393,2647-9191,http//목4동시장.com,78,,,,0,양천구
목3동시장,목동중앙북로6길 5,양천구 목동 617-13,126.8651767,37.54816518,2644-3238,https://www.facebook.com/mok3dongmarket,79,,,,0,양천구
목2동시장,목동중앙북로16길 3,양천구 목동 526,126.8738705,37.54604744,,,87,,,,0,양천구
신정제일시장,중앙로34길 30,양천구 신정동 1030-6,126.8536658,37.52084148,2061-6313,,16,,,,0,양천구
신곡종합시장,남부순환로79길 37,양천구 신월동 575-17,126.843181,37.51836327,2698-6057,,10,,,,0,양천구
마천중앙시장,마천로 51가길 23,송파구 마천동 146-7,127.1513162,37.49841413,448-2808,,136,,,,0,송파구
방이시장,백제고분로 48길,송파구 방이동 142-16,127.116229,37.51075651,070-8953-3811,,137,,,,0,송파구
문정동 로데오거리 상점가,동남로 4길 10,송파구 문정동 41-5,127.1238804,37.48912245,400-1633,,357,,,,0,송파구
풍납시장,바람드리길 50,송파구 풍납동 152-81,127.1211788,37.53721419,070-8792-4500,,180,,,,0,송파구
새마을시장,석촌호수로 12길 14,송파구 잠실동 207-5,127.0850004,37.50917303,070-4045-4929,,115,,,,0,송파구
석촌시장,송파대로 37길 52,송파구 석촌동 274-8,127.106512,37.50016797,414-8784,,87,,,,0,송파구
마천시장,마천로 45길 23,송파구 마천동 125-4,127.1508077,37.49821797,3012-5535,,134,,,,0,송파구
밤나무골시장,오패산로 79,성북구 하월곡동 76-1,127.035718,37.60910705,,,18,,,,0,성북구
정릉아리랑시장,정릉로26가길 36,성북구 정릉동 443-1,127.0110217,37.60276184,070-4215-2931,,54,,,,0,성북구
정릉시장,정릉로26가길 36,성북구 정릉동 443-1,127.0110207,37.60277374,070-4126-0098,http://bis5693.blog.me,116,,,,0,성북구
석관황금시장,돌곶이로22길 54-16,성북구 석관동 279-1,127.0612988,37.60994332,,,88,,,,0,성북구
장위전통시장,장월로12길 41-1,성북구 장위동 68-225,127.050674,37.61206068,070-7799-9129,,130,,,,0,성북구
돈암제일시장,동소문로18길 12-3,성북구 동소문동5가 59-1,127.0156959,37.59166086,926-5133,,118,,,,0,성북구
동소문 스카이상가,성북로4길 52,성북구 돈암동 609-1,127.0086314,37.5929441,926-6405,,328,,,,0,성북구
새석관시장,화랑로 202,성북구 석관동 338-18,127.0526434,37.60824722,,,5,,,,0,성북구
석관시장,돌곶이로22가길 27,성북구 석관동 270-1,127.0601665,37.60920237,967-5571,,20,,,,0,성북구
번동시장,한천로101길 59,성북구 장위동 301,127.0478686,37.62142143,915-7301,,14,,,,0,성북구
장위시장,장위로 126,성북구 장위동 238-496,127.051083,37.61293686,915-8881,,26,,,,0,성북구
길음시장,동소문로 227,성북구 길음동 535-8,127.0217538,37.6027725,,,137,,,,0,성북구
고속터미널 지하철역 상점가,서초구 신반포로 194,서초구 반포동,127.0068168,37.50643035,3481-1135,,51,,,,0,서초구
강남터미널지하도상점가3구역,신반포로 219,서초구 반포동 225,127.0083887,37.50726934,535-8182,,200,,,,0,서초구
강남터미널지하도상점가2구역,신반포로 177,서초구 반포동 163-1,127.003657,37.50585091,535-8182,,291,,,,0,서초구
강남터미널지하도상점가1구역,신반포로 157,서초구 반포동 163,127.0012912,37.50514614,535-8182,,137,,,,0,서초구
양재시장,서초구 남부순환로356길 15,서초구 양재동 1-7,127.0379487,37.4843045,573-2132,,21,,,,0,서초구
남부종합시장,서초구 방배중앙로27길 17,서초구 방배동 767-1,126.9847877,37.4949883,599-6735,,47,,,,0,서초구
"이화여대 3,5,7길 상점가",이화여대5길 23,서대문구 대현동 37-18,126.9444168,37.55824014,365-5507,,135,,,,0,서대문구
이대 앞 스타트업 상점가,이화여대길 74,서대문구 대현동 34-33,126.9443897,37.55925499,365-3580,,78,,,,0,서대문구
연희사러가,연희맛로 23,서대문구 연희동 131-1,126.9296471,37.56714742,324-6830,,34,,,,0,서대문구
포방터시장,포방터길 46,서대문구 홍은동 9-160,126.9491208,37.59869755,396-3335,,63,,,,0,서대문구
영천시장,영천시장길 27,서대문구 영천동 294,126.9610626,37.57089356,364-1926,,71,,,,0,서대문구
인왕시장,인왕시장길 18,서대문구 홍제동 296-1,126.9434718,37.59108212,394-1998,,114,,,,0,서대문구
서중시장,수색로2길 47,서대문구 남가좌동 154-38,126.9155233,37.5706643,373-4914,,61,,,,0,서대문구
모래내시장,수색로2길 45,서대문구 남가좌동 293-40,126.9157013,37.5701903,373-7571,,34,,,,0,서대문구
백련시장,가재울로6길 53-87,서대문구 남가좌동 345-4,126.9230854,37.57699434,373-4870,,26,,,,0,서대문구
유진상가,통일로 484,서대문구 홍제동 294-46,126.9429252,37.59159987,3216-9393,,101,,,,0,서대문구
서울숲 상원길 상점가,상원12길 1,성동구 성수동1가 13-277,127.0479179,37.55042849,462-6040,,30,,,,0,성동구
한양대앞상점가,마조로 17,성동구 행당동 19-54,127.0405256,37.55945751,,,68,,,,0,성동구
왕십리도선동상점가,왕십리로24길16-1,성동구 도선동 201-2,127.0341839,37.56376266,2295-0088,http://wangsimni.com,203,,,,0,성동구
성동용답상가시장,용답19길 15-1,성동구 용답동 49-5,127.0524539,37.56360849,2214-4326,,186,,,,0,성동구
행당시장,왕십리로21길19,성동구 행당동 298-86,127.032617,37.56063221,2293-6864,,76,,,,0,성동구
마장축산물시장,마장로31길 40,성동구 마장동 510-3,127.0383916,37.56978844,2281-4446,http://www.mjmm.co.kr,1920,,,,0,성동구
뚝도시장,성수이로 32-15,성동구 성수동2가 335-16,127.0548148,37.53779286,464-4426,,130,,,,0,성동구
금남시장,독서당로 303-7,성동구 금호동3가 326,127.0226962,37.54844836,2252-5302,,102,,,,0,성동구
상계중앙시장,상계로27길 32,노원구 상계동 389-641,127.0698344,37.65986616,936-1161,,68,,,,0,노원구
공릉동 도깨비시장,동일로180길 37,노원구 공릉동 566-20,127.0762297,37.62269027,976-4143,,120,,,,0,노원구
상계시장,덕릉로102길 5,노원구 상계동 95-3,127.0775641,37.66507121,937-6015,,19,,,,0,노원구
홍대 걷고싶은 거리,어울마당로 141,마포구 동교동 169-8,126.9254508,37.55647129,325-7447,,150,,,,0,마포구
상암동상점가,월드컵북로44길 33,마포구 상암동 33-1,126.8954699,37.57628324,376-1623,,139,,,,0,마포구
도화동 상점가,마포대로 68,마포구 도화동 563,126.9489433,37.54132462,712-6822,,146,,,,0,마포구
용강동 상점가,마포대로1길 16,마포구 용강동 50-16,126.9431123,37.5397148,715-1255,,274,,,,0,마포구
아현시장,굴레방로9길 17,마포구 아현동 327-10,126.9547074,37.55673944,312-0143,http://blog.naver.com/ahyeonmarket,168,,,,0,마포구
망원시장,마포구 망원동8길7(망원동),마포구 망원동 486-5,126.9059586,37.55692245,335-3591,,79,,,,0,마포구
망원동월드컵시장,망원로7길 31,마포구 망원동 424-7,126.9050417,37.55871935,322-6656,,49,,,,0,마포구
신수시장,토정로17길 17,마포구 신수동 288-1,126.9355894,37.54543407,717-1324,,3,,,,0,마포구
마포농수산물시장,월드컵로235(성산동),마포구 성산동,126.8984718,37.56498919,300-5062,,144,,,,0,마포구
합정시장,"양화진길5(합정동, 합정아파트)",마포구 합정동 375-1,126.9133182,37.54815123,334-2425,,11,,,,0,마포구
서교시장,홍익로3길20(서교동),마포구 서교동 357-1,126.9216836,37.55349,3141-2502,,54,,,,0,마포구
영진시장,동교로12길 21,마포구 서교동 485-14,126.9126628,37.55347058,336-1494,,13,,,,0,마포구
동진시장,성미산로 198,마포구 연남동 227-15,126.9267635,37.56234098,325-9559,http://www.facebook.com/makedongjin,17,,,,0,마포구
마포시장,마포대로6길 30,마포구 공덕동 256-5,126.9537235,37.54508381,719-3308,,78,,,,0,마포구
공덕시장,만리재로 19,마포구 공덕동 256-10,126.9530306,37.54452561,712-0076,,43,,,,0,마포구
태능시장,동일로129길 35,중랑구 중화동 314-1,127.0774353,37.59929374,,,115,,,,0,중랑구
묵1동도깨비시장,공릉로12가길 18,중랑구 묵동 157-34,127.0806248,37.616752,,,75,,,,0,중랑구
중화제일시장,동일로143길 43,중랑구 묵동 249-104,127.0762977,37.60512,,,30,,,,0,중랑구
사가정골목시장,면목로44길 16,중랑구 면목동 472-45,127.08937,37.58108027,492-2214,,117,,,,0,중랑구
동원골목시장,상봉로11길 37,중랑구 면목동 103-1,127.0913975,37.58973415,2209-0220,,127,,,,0,중랑구
동부골목시장,중랑천로10길 61,중랑구 상봉동 130-161,127.0763076,37.59243722,437-8155,,120,,,,0,중랑구
면목골목시장,면목로33길 20-14,중랑구 면목동 352-9,127.0846158,37.5772648,496-5665,,92,,,,0,중랑구
우림골목시장,망우로62길 52-4,중랑구 망우동 463-44,127.098256,37.59676881,436-3598,http://www.urimsijang.com,130,,,,0,중랑구
신아타운,봉화산로 194,중랑구 신내동 666,127.0946867,37.60645036,3422-4501,,127,,,,0,중랑구
동성타워프라자,봉화산로 221,중랑구 신내동 786,127.0971865,37.60802493,3423-2975,,48,,,,0,중랑구
유영시장,봉우재로70길 96,중랑구 망우동 530-3,127.0967231,37.59139591,491-5433,,0,,,,0,중랑구
태능엔터피아,동일로129길 35,중랑구 중화동 314-1,127.0774813,37.59920585,432-8637,,34,,,,0,중랑구
중랑교종합상가,면목로 435-1,중랑구 면목동 129-9,127.086722,37.59074353,437-6100,,78,,,,0,중랑구
면목시장,면목로39길 11,중랑구 면목동 650,127.0862818,37.57954691,434-1365,,26,,,,0,중랑구
동원시장,면목로74길 45,중랑구 면목동 101-1,127.0898734,37.58983431,439-0026,,14,,,,0,중랑구
신중앙시장,퇴계로85길 36,중구 황학동 442,127.0197802,37.56739045,2252-9559,,91,,,,0,중구
합동(새벽)시장,청파로 453,중구 중림동 473-5,126.9679079,37.55983701,,,64,,,,0,중구
백학시장,퇴계로 86길,중구 신당동 52-378,127.0192352,37.56322059,,,30,,,,0,중구
대림상가,을지로 157,중구 산림동 207-2,126.9954392,37.56713854,2278-5191~9,,354,,,,0,중구
청계공구상가,청계천로 124,중구 입정동 258,126.9912082,37.56797052,2275-4070,http://www.kimta.kr,188,,,,0,중구
청계5가쇼핑센터,동호로 390-3,중구 방산동 4-11,127.0023548,37.56923462,070-7760-1207,,44,,,,0,중구
테크노상가,중구 마장로 1가길17 (신당동),중구 신당동 213-51,127.0132999,37.56891513,2232-4821,http://www.sph.co.kr,170,,,,0,중구
명동 지하도상가,남대문로2가 123(남대문로2가),중구 남대문로2가 130-2,126.9820593,37.56373921,778-1500,,58,,,,0,중구
남대문로 지하상가,남대문시장길 25-3,중구 남대문로4가 18-2,126.9771952,37.5603933,773-0999,,81,,,,0,중구
청계6가 지하도상가,장충단로 280,중구 을지로6가 18-11,127.009666,37.56919006,2275-4812,,54,,,,0,중구
을지입구지하상가,을지로지하 58(을지로2가),중구 을지로2가 197,126.9838178,37.56594389,752-7522,,60,,,,0,중구
명동역지하도상가,충무로3가 65-12(남산동3가),중구 충무로2가 110-4,126.9854028,37.56091169,318-1473,,70,,,,0,중구
시청광장 지하쇼핑센터,을지로지하 12(을지로2가),중구 을지로1가 192-7,126.9791196,37.56600427,,,51,,,,0,중구
회현지하쇼핑센터,소공로지하 58(충무로1가),중구 충무로1가 51-27,126.9820014,37.56050397,3789-5512,,224,,,,0,중구
을지로지하보도쇼핑센터,을지로 218,중구 을지로5가 35-6,127.0030703,37.56660355,2274-4659,,212,,,,0,중구
소공지하도상가,소공로지하 102(소공동),중구 소공동,126.9798066,37.56458477,775-2234,,141,,,,0,중구
약수시장,다산로10길 12,중구 신당동 367-4,127.0106928,37.55328485,2252-9396,,68,,,,0,중구
방산시장,을지로33길 18-1,중구 주교동 250-1,126.9996893,37.56739923,2266-8765,http://www.bangsanmarket.net,651,,,,0,중구
인현시장,인현1가 192(인현동 2가),중구 인현동2가 136-2,126.9964181,37.56406314,2275-3478,,100,,,,0,중구
동평화시장,청계천로 318,중구 신당동 217-95,127.0137812,37.56935074,2234-9252,,1443,,,,0,중구
신평화패션타운,청계천로 298,중구 신당동 217-1,127.011053,37.56944779,2253-0714,http://www.sph.co.kr,1089,,,,0,중구
자유상가,회현동1가 202(회현동),중구 회현동1가 202-157,126.9797651,37.56098925,752-8689,,397,,,,0,중구
신중부시장,을지로30길 29,중구 오장동 44-8,126.9993888,37.56552545,2273-0006,,417,,,,0,중구
삼익패션타운,남대문시장길 7,중구 남대문로4가 20-60,126.9764014,37.56010878,774-1531,,1020,,,,0,중구
청평화시장,청계천로 334,중구 신당동 217-91,127.0149223,37.56945991,2252-8036,http://www.cph.co.kr,1025,,,,0,중구
광희패션몰,마장로1길 21,중구 신당동 777,127.0119017,37.56866672,2238-9889,http://www.kwangheesijang.com,1150,,,,0,중구
벨포스트(에리어식스),마장로 19,중구 신당동 776,127.0119588,37.56813541,2231-4678,http://www.belpost.co.kr,376,,,,0,중구
제일평화시장,마장로 13,중구 신당동 775,127.0113882,37.568508,2252-0323,http://www.jeilpyunghwa.com,858,,,,0,중구
남평화시장,장충단로 280-10(신당동),중구 신당동 772,127.0108958,37.56923741,2252-4415,http://www.namph.co.kr,565,,,,0,중구
동화상가,을지로6가 17-145(을지로6가),중구 을지로6가 17-415,127.0069431,37.56853746,2265-9612,http://www.donghwa-mk.co.kr,722,,,,0,중구
통일상가,청계천로 274,중구 을지로6가 17-48,127.008019,37.5694213,2269-1969,http://www.tongils.kr,604,,,,0,중구
평화시장,청계천로 274,중구 을지로6가 17-48,127.0071313,37.5693826,2279-2193,http://www.pyounghwa.com,2020,,,,0,중구
서울중앙시장,퇴계로85길 22,중구 황학동 409,127.019772,37.56678515,2232-9559,http://www.kkaebitour.blog.me,342,,,,0,중구
방산종합시장,동호로37길 20,중구 주교동 19-1,127.0007923,37.56871508,2268-6691,,1074,,,,0,중구
중부시장,을지로36길 35,중구 오장동 139-11,127.0018867,37.56505602,2267-5617,,421,,,,0,중구
숭례문수입상가,소월로 3,중구 남창동 51-1,126.9761866,37.55936464,779-2951,,517,,,,0,중구
남대문시장,남대문시장길 21,중구 남대문로4가 18-11,126.9770944,37.56023668,753-2805,http://www.namdaemunmarket.co.kr,5200,,,,0,중구
동묘시장,종로58길 40,종로구 숭인동 241-1,127.0183554,37.57156329,,,120,,,,0,종로구
동대문지하쇼핑센터,율곡로지하 308,종로구 종로6가 287-6,127.0095792,37.57002935,2290-6545,,54,,,,0,종로구
한일지하상가(마전교지하쇼핑센터),동호로지하 398,종로구 종로5가,127.0019977,37.57012664,,,32,,,,0,종로구
종로5가지하상가,종로지하 200,종로구 종로5가 138-4,127.0012333,37.5705707,744-8722,,65,,,,0,종로구
종로4가지하상가,창경궁로지하 81,종로구 종로4가,126.9987276,37.57086484,,,109,,,,0,종로구
종각지하쇼핑센터,종로지하 73,종로구 창신동 423-6,127.0136117,37.57016118,733-0330,,75,,,,0,종로구
동대문상가C동,청계천로 319,종로구 창신동 436-65,127.0133514,37.57009588,,,185,,,,0,종로구
동대문상가B동,청계천로 307,종로구 창신동 436-78,127.0119336,37.57006453,,,180,,,,0,종로구
동대문상가A동,청계천로 295,종로구 창신동 436-79,127.0106547,37.57006004,,,219,,,,0,종로구
동대문문구완구종합시장,종로52길 36,종로구 창신동 390-29,127.0144361,37.57122628,747-1900,,130,,,,0,종로구
창신골목시장,종로51길 18,종로구 창신동 142-33,127.0118533,37.5727973,3675-3533,,117,,,,0,종로구
충신시장,율곡로22길 7,종로구 충신동 35-8,127.0054184,37.57484374,,,21,,,,0,종로구
낙원지하시장(대일상가),삼일대로 428,종로구 낙원동 288,126.9880308,37.5727742,,,250,,,,0,종로구
낙원상가,삼일대로 428,종로구 낙원동 288,126.987889,37.57275707,,http://www.enakwon.com,312,,,,0,종로구
금천교시장(세종마을 음식문화거리),자하문로 5,종로구 체부동 52,126.9722131,37.57661334,,,112,,,,0,종로구
한일상가,청계천로 229,종로구 종로5가 314-7,127.0030126,37.57012667,2266-3242,,325,,,,0,종로구
종로신진시장,종로38길16,종로구 종로5가 231-26,127.0049599,37.57040394,,,115,,,,0,종로구
신설종합시장,난계로27길 51,종로구 숭인동 206-9,127.0203265,37.57266272,2234-7151,,151,,,,0,종로구
동문시장,종로44길 14,종로구 창신동 436-41,127.0111116,37.57050429,764-4766,,150,,,,0,종로구
동대문종합시장D동상가,종로 266,종로구 종로6가 289-45,127.0081889,37.57056863,2279-8751~2,,1134,,,,0,종로구
동대문쇼핑타운,종로272,종로구 종로6가 289-57,127.00808,37.57078331,,,334,,,,0,종로구
동대문종합시장,종로 266,종로구 종로6가 289-45,127.0077525,37.570483,2262-0211,http://www.ddm-mall.com,4000,,,,0,종로구
세운상가가동,청계천로 159,종로구 장사동 116-4,126.9952529,37.5693261,2271-2344,,347,,,,0,종로구
광장전통시장(골목),창경궁로 88,종로구 종로4가 165-2,127.0005761,37.5705358,2269-8855,http://jkm.or.kr,2019,,,,0,종로구
통인시장,필운대로6길 3,종로구 통인동 35-16,126.9687905,37.58082107,722-0911,http://tonginmarket.co.kr,78,,,,0,종로구
광장시장(건물),창경궁로 88,종로구 종로4가 165-2,127.0000669,37.5704796,2272-0967,http://kwangjangmarket.co.kr,1250,,,,0,종로구
신성골목시장,용마산로6길 9,광진구 중곡동 453,127.088854,37.5579572,446-7831,,48,,,,0,광진구
능동로골목시장,뚝섬로30길 23,광진구 자양동 553-219,127.0666393,37.53514028,499-2422,,89,,,,0,광진구
면곡골목시장,답십리로 368,광진구 중곡동 580-1,127.0812597,37.57147418,495-9070,,35,,,,0,광진구
화양제일골목시장,아차산로29길 59,광진구 화양동 34-72,127.0692755,37.54348693,465-6221,,86,,,,0,광진구
영동교골목시장,동일로10길 30,광진구 자양동 246-111,127.0632671,37.53800786,463-9686,,96,,,,0,광진구
노룬산골목시장,뚝섬로25길 6,광진구 자양동 553-60,127.0653241,37.5363594,465-2103,,52,,,,0,광진구
자양골목시장,자양로13길 59,광진구 자양동 631-18,127.0815737,37.5337931,458-1624,,135,,,,0,광진구
중곡제일골목시장,긴고랑로11길 14,광진구 중곡동 221-6,127.0817328,37.56387076,466-5003,,143,,,,0,광진구
한아름시장,능동로13길 39,광진구 화양동 10-1,127.0701975,37.54308846,465-7965,,5,,,,0,광진구
자양종합시장,자양번영로6길 20,광진구 자양동 602,127.0762587,37.53221801,457-7480,,21,,,,0,광진구
구의시장,광나루로 531-5,광진구 구의동 66-25,127.0885866,37.54549563,457-8045,,7,,,,0,광진구
광성시장,능동로47길 30,광진구 중곡동 229-15,127.0811051,37.56358433,467-5200,,20,,,,0,광진구
중곡제일시장,긴고랑로11길 11,광진구 중곡동 229-5,127.081286,37.56390622,467-0254,,9,,,,0,광진구
신성시장,영화사로 12,광진구 중곡동 79-13,127.0886523,37.55802834,444-1707,http://www.shinsungmarket.com,25,,,,0,광진구
노룬산시장,뚝섬로 491,광진구 자양동 44-2,127.0648611,37.53648042,463-7521,,20,,,,0,광진구
조양시장,아차산로30길 39,광진구 자양동 6-20,127.0674731,37.53899146,463-5611,,40,,,,0,광진구
강남골목시장,조원로4길 21,관악구 신림동 1652-1,126.9049021,37.48259379,867-8435,,52,,,,0,관악구
미성동 도깨비시장,미성3길 1,관악구 신림동 727-5,126.9163845,37.47442287,,,83,,,,0,관악구
중부시장,관악로24길 25,관악구 봉천동 34-9,126.9558105,37.48451842,884-7337,,80,,,,0,관악구
서원동상점가,서원동 1637 일대,관악구 신림동 1638-15,126.9293665,37.48235033,889-1233,,200,,,,0,관악구
낙성대 시장,관악로14길 63,관악구 봉천동 1612-27,126.9560324,37.47865157,878-6789,,53,,,,0,관악구
삼성동 시장,삼성동 808일대,관악구 신림동 808-496,126.9318823,37.4700377,884-0428,,206,,,,0,관악구
인헌시장,인헌6길 16,관악구 봉천동 1638-22,126.9659892,37.47409579,070-8104-2665,http://inhunmarket.com,52,,,,0,관악구
조원동 펭귄시장,남부순환로143나길 7,관악구 신림동 541-6,126.9110045,37.48286285,857-3810,,70,,,,0,관악구
관악신사시장,난곡로74길 58,관악구 신림동 494-7,126.9169443,37.48630219,855-1994,http://kwanaksinsa.alltheway.kr,100,,,,0,관악구
신원시장,신원로3길 20-3,관악구 신림동 1599-3,126.9273594,37.48206741,854-5453,http://sinwonsijang.com,119,,,,0,관악구
신림현대종합상가,신림로29길 8,관악구 신림동 1694,126.9330413,37.4755706,875-4271,,43,,,,0,관악구
관악종합시장,신원로 23,관악구 신림동 1602-1,126.9278141,37.48175297,856-4355,,57,,,,0,관악구
우림시장,난곡로26길 4,관악구 신림동 637-1,126.9204269,37.47029551,864-4488,,17,,,,0,관악구
원당종합시장,남부순환로248길 35,관악구 봉천동 1638-20,126.9658899,37.47441385,888-0930,,7,,,,0,관악구
신림중앙시장,조원로16길 27,관악구 신림동 541,126.9114032,37.48314557,865-7577,,140,,,,0,관악구
신신림시장,원신2길 34,관악구 삼성동 390-1,126.9321641,37.47088948,874-4322,,11,,,,0,관악구
신림종합시장,남부순환로157길 63,관악구 신림동 505-1,126.9170747,37.48464408,856-4556,,25,,,,0,관악구
봉천중앙시장,관악로 211,관악구 봉천동 32-2,126.95417,37.48375911,877-5930,,36,,,,0,관악구
봉천제일종합시장,청룡2길 29,관악구 봉천동 921-1,126.9443956,37.48124843,878-8881,,48,,,,0,관악구
봉천현대시장,양녕로 49,관악구 봉천동 503-1,126.9464965,37.48643119,882-0492,,35,,,,0,관악구
봉일시장,은천로 28,관악구 봉천동 951-25,126.938364,37.48592259,874-1500,http://bongilplaza.co.kr,35,,,,0,관악구
가리봉시장,우마길 15 (가리봉동),구로구 가리봉동 123-79,126.8882964,37.48155155,,,70,,,,0,구로구
개봉프라자,고척로40길 19,구로구 고척동 269-1,126.8511037,37.50195537,2688-5242,,36,,,,0,구로구
고척프라자,중앙로10길 7,구로구 고척동 50-48,126.8625955,37.50348555,6710-0392,,1,,,,0,구로구
남구로시장(구 구로자율시장),구로동로26길 33,구로구 구로동 730-16,126.8859416,37.49037306,855-8509,,174,,,,0,구로구
고척근린시장,경인로33길 98-3,구로구 고척동 257-12,126.8505122,37.50241039,,,60,,,,0,구로구
개봉중앙시장,경인로19가길 14-1,구로구 오류동 38-7,126.8435486,37.49658511,,,18,,,,0,구로구
오류시장,개봉로17길 34,구로구 개봉동 324-1,126.8540113,37.49166411,839-3151,,12,,,,0,구로구
구로시장,구로구 구로동로20길 20-27,구로구 구로동 735-106,126.8856165,37.4894695,830-8231,http://blog.naver.com/guro-market,154,,,,0,구로구
푸른터시장,남부순환로120길 23,금천구 독산동 957,126.9014116,37.47804809,776-7049,,0,,,,0,금천구
박미시장,시흥대로18길 16,금천구 시흥동 956,126.9044676,37.44020925,2243-0190,,3,,,,0,금천구
독산동우시장,범안로 1209,금천구 독산동 293-5,126.8962666,37.46682458,896-1233,,189,,,,0,금천구
은행나무시장,금천구 금하로25길(시흥동),금천구 시흥동 828-39,126.9087418,37.45131865,802-7973,,64,,,,0,금천구
대명여울빛거리,시흥대로58길 36,금천구 시흥동 886-6,126.9032352,37.45355033,808-0811,,224,,,,0,금천구
대명시장,시흥대로52길 70,금천구 시흥동 884-4,126.9019559,37.45425941,803-4525,,42,,,,0,금천구
현대시장,독산로41길 7,금천구 시흥동 856,126.9043259,37.45983461,802-7720,,230,,,,0,금천구
남문시장,시흥대로144길 17,금천구 독산동 984-10,126.9004096,37.47376591,868-9727,,116,,,,0,금천구
장신구 특화거리 상점가,강동구 성내로 83,강동구 성내동 545-6,127.1291647,37.52729335,475-9140,,148,,,,0,강동구
고덕전통시장,강동구 고덕로83길 12,강동구 고덕동 210-3,127.1688926,37.55758064,,,33,,,,0,강동구
동서울시장,강동구 올림픽로80길 58,강동구 천호동 405-6,127.1284063,37.54205857,478-1443,,46,,,,0,강동구
천호신시장,강동구 구천면로 209,강동구 천호동 422-3,127.1276729,37.54086042,485-0731,,105,,,,0,강동구
천호시장,강동구 구천면로 205,강동구 천호동 421-1,127.1274261,37.54064905,478-2191,,37,,,,0,강동구
로데오거리상점가,강동구 천호대로157길 14,강동구 천호동 453-19,127.1272722,37.53822616,478-7156,,157,,,,0,강동구
고분다리골목시장,강동구 구천면로34길 10,강동구 천호동 397-99,127.1318068,37.54231615,,,81,,,,0,강동구
양지골목시장,강동구 고덕로27길 15-56,강동구 암사동 450-3,127.1365858,37.55563346,441-9326,,38,,,,0,강동구
명일골목시장,강동구 양재대로168길 20,강동구 명일동 333-2,127.1448902,37.54955078,3426-2070,http://blog.naver.com/myungilmarket,55,,,,0,강동구
성내골목시장,강동구 천호대로162길 65,강동구 성내동 144-16,127.1278198,37.53398833,484-2581,,80,,,,0,강동구
둔촌역전통시장,강동구 풍성로58길 34,강동구 성내동 428-9,127.1351378,37.52747817,471-4967,,84,,,,0,강동구
길동복조리시장,강동구 천호대로187길 61,강동구 길동 397-3,127.1428717,37.53709546,477-5162,http://blog.naver.com/gdsijang,118,,,,0,강동구
암사종합시장,강동구 성암로11길 25,강동구 암사동,127.1291864,37.55111197,442-1040,http://amsamarket.com,105,,,,0,강동구
송화골목시장,강서구 내발산1길 43,강서구 내발산동 723-6,126.8355471,37.54832891,2696-5225,http://songhwasijang.com,56,,,,0,강서구
화곡본동시장,까치산로 35,강서구 화곡동 98-45,126.8441138,37.54288173,2698-0779,http://www.bondongsijangtong.or.kr,51,,,,0,강서구
화곡중앙골목시장,월정로30길 63,강서구 화곡동 370-37,126.8393288,37.53507623,2065-7212,http://www.jungangsijang.net,66,,,,0,강서구
방신재래시장,강서구 방신길 19,강서구 방화동 575-6,126.8120231,37.57235027,2666-4080,http://www.bangsinsijang.com,123,,,,0,강서구
남부골목시장,강서구 남부시장길 26,강서구 화곡동 801-7,126.8602444,37.5331802,2646-5656,http://www.nambusijang.co.kr,153,,,,0,강서구
까치산시장,강서구 담소1길 3,강서구 화곡동 342-31,126.8476696,37.5312651,2606-4500,http://까치산시장.kr,119,,,,0,강서구
등마루시장,화곡로68길 120,강서구 등촌동 637-10,126.8602522,37.55665613,3661-8993,,7,,,,0,강서구
화곡중앙시장,월정로30길 69,강서구 화곡동 370-76,126.839529,37.53535864,2602-5757,,6,,,,0,강서구
신월중앙시장,강서로54길 109,강서구 등촌동 667-9,126.8447414,37.55871343,2693-3704,,11,,,,0,강서구
대원종합시장,화곡로21길 78,강서구 화곡동 1023,126.8364593,37.54448452,2695-5751,,28,,,,0,강서구
남부화곡시장,등촌로5길 80,강서구 화곡동 830-1,126.8589322,37.53306802,2651-5554,,19,,,,0,강서구
공항시장,방화동로3길 7,강서구 방화동 620-130,126.8084513,37.56273264,2662-2751,,7,,,,0,강서구
은마종합상가,삼성로 212,강남구 대치동 316,127.0636272,37.4953739,556-9323,,477,,,,0,강남구
도곡시장,선릉로 311,강남구 역삼동 765-7,127.0520556,37.49732594,,,69,,,,0,강남구
공무원연금매장 상록스토아 개포점,영동대로4길 7,강남구 일원동 613,127.0745415,37.4894196,,,72,,,,0,강남구
개포2동 중심상가,강남구 개포로 512,강남구 개포동 186-17,127.0688253,37.48930851,3412-3417,,266,,,,0,강남구
강남역 지하도상가,강남구 테헤란로 101,강남구 역삼동 821-1,127.0280469,37.49861982,553-1898,,224,,,,0,강남구
청담삼익시장,강남구 학동로 101길 26,강남구 청담동 134-20,127.0576071,37.52243857,547-0225,,165,,,,0,강남구
신사상가,강남구 압구정로29길 72-1,강남구 압구정동 454,127.0283828,37.53228287,542-5844,,84,,,,0,강남구
논현종합시장,강남구 봉은사로33길 33,강남구 논현동 227-4,127.034745,37.5100157,549-3938,,80,,,,0,강남구
영동전통시장,학동로4길 29,강남구 논현동 140-23,127.0236759,37.5097044,2265-9614,http://www.ydmarket.kr,119,,,,0,강남구
강남시장,강남구 압구정로2길 46,강남구 신사동 510-11,127.0206735,37.51876383,542-1754,,100,,,,0,강남구
방천골목시장,월계로7나길 9,강북구 미아동 52-56,127.0333452,37.61257977,,,54,,,,0,강북구
번동북부골목시장,한천로123길 27,강북구 번동 411-18,127.0304256,37.63593496,,,17,,,,0,강북구
수유중앙골목시장,노해로17길 16,강북구 수유동 38-18,127.0214911,37.64074204,,,28,,,,0,강북구
장미원골목시장,삼양로123길 9,강북구 수유동 313-1,127.0151823,37.64465508,,,94,,,,0,강북구
강북종합전통시장(구)강북종합골목시장,한천로144길 26,강북구 수유동 175-61,127.0262748,37.64202635,,,88,,,,0,강북구
우이골목시장,노해로23길 76,강북구 수유동 270-120,127.0196167,37.6462231,902-3071,,67,,,,0,강북구
수유프라자,도봉로 261,강북구 수유동 63,127.0234479,37.63168885,982-2278,,58,,,,0,강북구
수유재래시장,도봉로67길,강북구 수유동 54-4,127.0227763,37.631288,987-6380,http://suyumk.story3.kr,115,,,,0,강북구
수유전통시장(구)수유골목시장,도봉로67길,강북구 수유동 55-2,127.0224883,37.63063169,989-4730,,50,,,,0,강북구
"솔샘시장(미아6,7동골목시장)",솔샘로50길 4,강북구 미아동 1345-3,127.0191751,37.61958635,988-7691,,27,,,,0,강북구
동북시장,솔샘로 233,강북구 미아동 701-3,127.0186215,37.62023544,989-0403,,32,,,,0,강북구
강북종합시장,한천로148길 12-43,강북구 수유동 179-4,127.0252737,37.64232464,994-3989,,12,,,,0,강북구
수유북부시장,삼양로91가길 19,강북구 수유동 405-8,127.016039,37.63608094,903-5546,,23,,,,0,강북구
우이시장,노해로23길 68,강북구 수유동 270-185,127.0199985,37.64603517,993-0240,,13,,,,0,강북구
수유중앙시장,노해로17길 21,강북구 수유동 32-2,127.0211567,37.64033311,902-1353,,28,,,,0,강북구
번동북부시장,한천로123길 26,강북구 번동 413-3,127.030325,37.6362324,902-1683,http://www.bukbooplaza.com,41,,,,0,강북구
숭인시장,도봉로 45,강북구 미아동 465-6,127.0292303,37.61335695,988-1430,,107,,,,0,강북구
수유시장,도봉로67길 18,강북구 수유동 54-5,127.0226494,37.63072491,989-4730,http://www.suyumarket.com,70,,,,0,강북구
연신내상점가,"은평구 갈현동393-400번지 일대
(통일로85길6-12(갈현동))",은평구 갈현동 400-21,126.9186792,37.61959842,070-8927-3254,,205,,,,0,은평구
대림골목시장,"은평구 응암동602-1~31번지750-1~ 695-22일대
(응암로12길8(응암동))",은평구 응암동 602-21,126.9172736,37.58762594,373-8612,,69,,,,0,은평구
대조시장,"은평구 대조동 12, 26번지 일대
(진흥로 153(대조동))",은평구 대조동 12-3,126.9277344,37.60982378,382-5599,http://www.daejomarket.com,77,,,,0,은평구
신응암시장,"은평구 응암동427-130~113
(응암로22길3-1(응암동))",은평구 응암동 427-108,126.9188326,37.59413668,389-3330,,50,,,,0,은평구
수일시장,"은평구 수색동 368-24
(수색로16길 5-1(수색동))",은평구 수색동 367-2,126.895275,37.58293495,302-5798,,0,,,,0,은평구
제일시장,통일로 731,은평구 대조동 14-1,126.9292585,37.61054512,384-3889,,52,,,,0,은평구
응암시장,응암로 252(응암동),은평구 응암동 427-126,126.9185455,37.59439007,355-0727,,10,,,,0,은평구
양지시장,응암로4길 20,은평구 응암동 754-1,126.9175564,37.5865193,302-6729,,4,,,,0,은평구
대림시장,응암로4길 26,은평구 응암동 754-1,126.9176889,37.58672732,302-1666,,104,,,,0,은평구
증산종합시장,증산로3길 12,은평구 증산동 184-9,126.9050475,37.5814633,373-5990,,60,,,,0,은평구
역촌중앙시장,연서로17길 18-6,은평구 갈현동 467-1,126.9162023,37.61327642,359-8595,,46,,,,0,은평구
갈현시장,갈현동 424-16,은평구 갈현동 424-22,126.917387,37.6235601,386-8773,,0,,,,0,은평구
연서시장,통일로 850,은평구 불광동 310-130,126.9219002,37.61932126,355-1272,,93,,,,0,은평구
녹번시장,은평로204-4(응암동),은평구 응암동 74-14,126.9306924,37.60098446,353-5334,,39,,,,0,은평구
만양로상점가,만양로 92,동작구 노량진동 119-158,126.9444839,37.51161004,,,30,,,,0,동작구
신대방1동골목상권,시흥대로 658,동작구 신대방동 607-5,126.9081191,37.4903609,,,113,,,,0,동작구
사당1동먹자골목상점가,동작대로3길 10,동작구 사당동 1031-24,126.9808346,37.47846477,,,109,,,,0,동작구
상도4동도깨비골목시장,상도로22길 36,동작구 상도동 194-10,126.9371241,37.50171203,,,94,,,,0,동작구
상도전통시장,상도로37길 64,동작구 상도동 467-5,126.9522348,37.49863619,,,73,,,,0,동작구
남성역골목시장,사당로16가길 13,동작구 사당동 267-16,126.972552,37.48293601,,,77,,,,0,동작구
흑석시장,서달로12길 19,동작구 흑석동 54-368,126.9628332,37.5069228,,,66,,,,0,동작구
성대골목시장,상도로 102,동작구 상도동 324-1,126.9317505,37.499956,,,89,,,,0,동작구
남성시장,동작대로 129,동작구 사당동 86-9,126.9818636,37.48828881,599-0571,,140,,,,0,동작구
노량진중앙시장,만양로16길 9,동작구 노량진동 119-153,126.9445991,37.51179369,812-5535,,27,,,,0,동작구
신노량진시장,동작구 장승배기로 123-6,동작구 노량진동 307-98,126.9398157,37.50862904,826-5800,,25,,,,0,동작구
본동인정시장,매봉로 177,동작구 본동 187-1,126.9518767,37.51222918,823-3655,,82,,,,0,동작구
성대시장,상도로 102,동작구 상도동 324-1,126.9317592,37.49994282,822-4488,,56,,,,0,동작구
강남시장,상도로 357,동작구 상도동 488,126.953523,37.49693529,813-6231,,16,,,,0,동작구
사당시장,사당로 244,동작구 사당동 318-8,126.9749043,37.48285203,582-3333,,14,,,,0,동작구
영도시장,장승배기로10길 26,동작구 상도동 176-1,126.9407528,37.50452125,813-4359,,60,,,,0,동작구
백운시장,삼양로154길 42,도봉구 쌍문동 495-9,127.0155877,37.65566234,903-0678,,48,,,,0,도봉구
쌍문역골목시장,도봉로113길 20,도봉구 쌍문동 94-29,127.0329491,37.64836537,992-1595,,78,,,,0,도봉구
신도봉시장,도당로27길 60,도봉구 도봉동 611,127.0412099,37.67032573,954-0604,,25,,,,0,도봉구
창동골목시장,덕릉로58길 14,도봉구 창동 557-1,127.0390411,37.63846214,992-6757,,64,,,,0,도봉구
창동신창시장,덕릉로5길 9,도봉구 창동 578-160,127.0370873,37.63976209,990-0040,http://scsangdan.modoo.at/,78,,,,0,도봉구
방학동도깨비시장,방학로10길 51,도봉구 방학동 632-1,127.0339633,37.66451637,954-1225,,103,,,,0,도봉구
동대문 청량리 농수산물 시장,경동시장로 22,동대문구 제기동 629-2,127.040876,37.58092478,963-3214,,95,,,,0,동대문구
청량리 종합도매시장,약령시로 90,동대문구 제기동 838,127.0401164,37.58278586,962-5670,,62,,,,0,동대문구
회기시장,회기로25길 11,동대문구 회기동 57-22,127.0549636,37.59095335,964-2450,,64,,,,0,동대문구
답십리시장,답십리로51길 7-9,동대문구 답십리동 66-38,127.0580504,37.57327523,2213-3004,,52,,,,0,동대문구
청량리수산시장,고산자로34길 48-1,동대문구 용두동 20-47,127.0411284,37.57806902,967-4210,,110,,,,0,동대문구
답십리현대시장,전농로4길 1,동대문구 답십리동 14-8,127.0577826,37.56750348,070-7788-4435,,70,,,,0,동대문구
청량리전통시장,홍릉로1길 26,동대문구 청량리동 777,127.043362,37.58080079,966-1040,,62,,,,0,동대문구
경동광성상가,고산자로38길 25-10,동대문구 제기동 849,127.0400537,37.58051303,965-1601,,80,,,,0,동대문구
서울약령시장,약령중앙로 10,동대문구 제기동 1126-5,127.0370631,37.57904394,969-4793,http://www.seoulya.com,1025,,,,0,동대문구
청량리종합시장,경동시장로 3-1,동대문구 제기동 998,127.0408208,37.5793231,962-1650,,54,,,,0,동대문구
청량리청과물시장,왕산로 173,동대문구 제기동 635-35,127.0424284,37.579738,070-7722-1650,,101,,,,0,동대문구
동부청과시장,왕산로34길 26,동대문구 용두동 1월-39,127.0429754,37.57729173,966-5227,,0,,,,0,동대문구
이문제일시장,이문로 200,동대문구 이문동 250-1,127.0624131,37.60441981,962-5992,,23,,,,0,동대문구
이경시장,휘경로 53,동대문구 휘경동 151-3,127.0660151,37.59460258,966-6966,,78,,,,0,동대문구
전곡시장,한천로 190,동대문구 장안동 108-5,127.0685526,37.57788055,2245-3026,,14,,,,0,동대문구
동부시장,천호대로 281,동대문구 답십리동 495-1,127.052293,37.56762286,2244-4451,,32,,,,0,동대문구
전농로터리시장,전농로 147,동대문구 전농동 295-52,127.0570421,37.57795518,2217-1231,,80,,,,0,동대문구
동서시장,왕산로33길 13,동대문구 제기동 650,127.0415037,37.57978878,967-8169,,53,,,,0,동대문구
경동시장,왕산로 147,동대문구 제기동 1018,127.0395541,37.57892104,967-8721,http://www.kyungdongmart.com/,594,,,,0,동대문구
용두시장,한빛로 62-1,동대문구 용두동 231-5,127.0295039,37.57839705,926-3471,,12,,,,0,동대문구
